{
  "Total" : {
    "transaction" : "Total",
    "sampleCount" : 80,
    "errorCount" : 0,
    "errorPct" : 0.0,
    "meanResTime" : 382.73749999999995,
    "medianResTime" : 336.5,
    "minResTime" : 301.0,
    "maxResTime" : 821.0,
    "pct1ResTime" : 644.6,
    "pct2ResTime" : 664.95,
    "pct3ResTime" : 821.0,
    "throughput" : 16.838560303094088,
    "receivedKBytesPerSec" : 9.837567091138707,
    "sentKBytesPerSec" : 7.26820669332772
  },
  "HTTP Request" : {
    "transaction" : "HTTP Request",
    "sampleCount" : 80,
    "errorCount" : 0,
    "errorPct" : 0.0,
    "meanResTime" : 382.73749999999995,
    "medianResTime" : 336.5,
    "minResTime" : 301.0,
    "maxResTime" : 821.0,
    "pct1ResTime" : 644.6,
    "pct2ResTime" : 664.95,
    "pct3ResTime" : 821.0,
    "throughput" : 16.838560303094088,
    "receivedKBytesPerSec" : 9.837567091138707,
    "sentKBytesPerSec" : 7.26820669332772
  }
}